{"name":"8c61b1d9-2bde-4d6c-be26-6b9b87b89473","id":"/providers/Microsoft.Flow/flows/8c61b1d9-2bde-4d6c-be26-6b9b87b89473","type":"Microsoft.Flow/flows","properties":{"apiId":"/providers/Microsoft.PowerApps/apis/shared_logicflows","displayName":"Call Graph from Flow - Demo 1","definition":{"metadata":{"workflowEntityId":null,"creator":{"id":"bce2c359-f3ff-4c8e-ad15-f16bcc3538e1","type":"User","tenantId":"18f459d7-049e-4645-8567-d0c65eeef42e"},"provisioningMethod":"FromDefinition","failureAlertSubscription":true,"clientLastModifiedTime":"2019-08-12T19:35:56.6832724Z"},"$schema":"https://schema.management.azure.com/providers/Microsoft.Logic/schemas/2016-06-01/workflowdefinition.json#","contentVersion":"1.0.0.0","parameters":{"$authentication":{"defaultValue":{},"type":"SecureObject"}},"triggers":{"manual":{"type":"Request","kind":"Button","inputs":{"schema":{"type":"object","required":[],"properties":{}}}}},"actions":{"ClientID":{"runAfter":{},"type":"InitializeVariable","inputs":{"variables":[{"name":"ClientID","type":"String","value":"5d2a34e9-673c-4180-8ba0-61a346afe1c1"}]}},"ClientSecret":{"runAfter":{"ClientID":["Succeeded"]},"type":"InitializeVariable","inputs":{"variables":[{"name":"ClientSecret","type":"String","value":"z6I5NTnwtjS1x1iuU6RfvEj7I2M6v9rlyHVulPqQLTQ="}]}},"TenantName":{"runAfter":{"ClientSecret":["Succeeded"]},"type":"InitializeVariable","inputs":{"variables":[{"name":"TenantName","type":"String","value":"maboejtest.onmicrosoft.com"}]}},"HTTP_-_Use_Graph_to_get_Teams":{"runAfter":{"TenantName":["Succeeded"]},"type":"Http","inputs":{"method":"GET","uri":"https://graph.microsoft.com/beta/groups?$filter=resourceProvisioningOptions/any(c:c+eq+'Team')","authentication":{"type":"ActiveDirectoryOAuth","tenant":"@variables('TenantName')","audience":"https://graph.microsoft.com","clientId":"@variables('ClientID')","secret":"@variables('ClientSecret')"}}},"Create_HTML_table_-_Teams":{"runAfter":{"HTTP_-_Use_Graph_to_get_Teams":["Succeeded"]},"type":"Table","inputs":{"from":"@body('HTTP_-_Use_Graph_to_get_Teams')?['value']","format":"HTML"}},"HTTP_-_Use_Graph_to_get_SharePoint_Sites":{"runAfter":{"Create_HTML_table_-_Teams":["Succeeded"]},"type":"Http","inputs":{"method":"GET","uri":"https://graph.microsoft.com/v1.0/sites?search=&$select=weburl,displayname","authentication":{"type":"ActiveDirectoryOAuth","tenant":"@variables('TenantName')","audience":"https://graph.microsoft.com","clientId":"@variables('ClientID')","secret":"@variables('ClientSecret')"}}},"Create_HTML_table_-_Sites":{"runAfter":{"HTTP_-_Use_Graph_to_get_SharePoint_Sites":["Succeeded"]},"type":"Table","inputs":{"from":"@body('HTTP_-_Use_Graph_to_get_Sharepoint_Sites')?['value']","format":"HTML"},"description":"body('HTTP_-_Use_Graph_to_get_Sharepoint_Sites')?['value']"},"Compose_-_Number_of_sites":{"runAfter":{"Create_HTML_table_-_Sites":["Succeeded"]},"type":"Compose","inputs":"@length(body('HTTP_-_Use_Graph_to_get_Sharepoint_Sites')?['value'])"}},"outputs":{},"description":""},"connectionReferences":{},"flowFailureAlertSubscribed":false}}