{"name":"12e949ac-15d7-43a9-a1a0-0c0d0acaf3dc","id":"/providers/Microsoft.Flow/flows/12e949ac-15d7-43a9-a1a0-0c0d0acaf3dc","type":"Microsoft.Flow/flows","properties":{"apiId":"/providers/Microsoft.PowerApps/apis/shared_logicflows","displayName":"Call Graph from PowerApps with Flow - SearchAADGroup","definition":{"metadata":{"workflowEntityId":null,"creator":{"id":"bce2c359-f3ff-4c8e-ad15-f16bcc3538e1","type":"User","tenantId":"18f459d7-049e-4645-8567-d0c65eeef42e"},"provisioningMethod":"FromDefinition","failureAlertSubscription":true,"clientLastModifiedTime":"2019-08-13T18:28:56.2509354Z"},"$schema":"https://schema.management.azure.com/providers/Microsoft.Logic/schemas/2016-06-01/workflowdefinition.json#","contentVersion":"1.0.0.0","parameters":{"$authentication":{"defaultValue":{},"type":"SecureObject"}},"triggers":{"manual":{"type":"Request","kind":"PowerApp","inputs":{"schema":{"type":"object","properties":{"GroupName_Value":{"type":"string","description":"Enter initial value","x-ms-powerflows-param-ispartial":false}},"required":["GroupName_Value"]}}}},"actions":{"ClientID":{"runAfter":{"GroupName":["Succeeded"]},"type":"InitializeVariable","inputs":{"variables":[{"name":"ClientID","type":"String","value":"fe6061d7-3510-40dc-b3ba-e54e4093284b"}]},"description":"7a3e44d0-dfdb-4560-8bdb-258d0f1ec344"},"ClientSecret":{"runAfter":{"ClientID":["Succeeded"]},"type":"InitializeVariable","inputs":{"variables":[{"name":"ClientSecret","type":"String","value":"3zNBGP5VQyeI9jcO3EfWk8klGzqPOJeQ7I/BTEEI4io="}]},"description":"9xcbj5lCi02fggVMk2ssSR+gF5kbPmxJ4Z5gyLvEPNo="},"TenantID":{"runAfter":{"ClientSecret":["Succeeded"]},"type":"InitializeVariable","inputs":{"variables":[{"name":"TenantID","type":"String","value":"18f459d7-049e-4645-8567-d0c65eeef42e"}]}},"Parse_JSON":{"runAfter":{"HTTP_-_Get_Access_Token":["Succeeded"]},"type":"ParseJson","inputs":{"content":"@body('HTTP_-_Get_Access_Token')","schema":{"type":"object","properties":{"token_type":{"type":"string"},"expires_in":{"type":"string"},"ext_expires_in":{"type":"string"},"expires_on":{"type":"string"},"not_before":{"type":"string"},"resource":{"type":"string"},"access_token":{"type":"string"}}}}},"HTTP_-_Get_Access_Token":{"runAfter":{"Initialize_variable_-_Groups":["Succeeded"]},"type":"Http","inputs":{"method":"POST","uri":"https://login.microsoft.com/@{variables('TenantID')}/oauth2/token","headers":{"Content-Type":"application/x-www-form-urlencoded"},"body":"grant_type=client_credentials&client_id=@{variables('ClientID')}&client_secret=@{variables('ClientSecret')}&resource=https://graph.microsoft.com"}},"HTTP_-_Get_Group":{"runAfter":{"Compose_-_Graph_Url_-_Get_Group":["Succeeded"]},"type":"Http","inputs":{"method":"GET","uri":"@{outputs('Compose_-_Graph_Url_-_Get_Group')}","headers":{"Authorization":"Bearer @{body('Parse_JSON')['access_token']}","Content-type":"application/json"}}},"GroupName":{"runAfter":{},"type":"InitializeVariable","inputs":{"variables":[{"name":"GroupName","type":"String","value":"@triggerBody()['GroupName_Value']"}]}},"Compose_-_Graph_Url_-_Get_Group":{"runAfter":{"Parse_JSON":["Succeeded"]},"type":"Compose","inputs":"https://graph.microsoft.com/v1.0/groups?$filter=startswith(displayName,'@{variables('GroupName')}')"},"Apply_to_each":{"foreach":"@body('Parse_JSON_2')?['value']","actions":{"Condition":{"actions":{"Append_to_string_variable_2":{"runAfter":{},"type":"AppendToStringVariable","inputs":{"name":"Groups","value":","}}},"runAfter":{},"expression":"@greater(length(variables('Groups')), 0)","type":"If"},"Append_to_string_variable":{"runAfter":{"Condition":["Succeeded"]},"type":"AppendToStringVariable","inputs":{"name":"Groups","value":"@items('Apply_to_each')?['displayName']"}}},"runAfter":{"Parse_JSON_2":["Succeeded"]},"type":"Foreach"},"Initialize_variable_-_Groups":{"runAfter":{"TenantID":["Succeeded"]},"type":"InitializeVariable","inputs":{"variables":[{"name":"Groups","type":"String"}]}},"Compose":{"runAfter":{"Apply_to_each":["Succeeded"]},"type":"Compose","inputs":"@variables('Groups')"},"Respond_to_PowerApps":{"runAfter":{"Compose":["Succeeded"]},"type":"Response","kind":"PowerApp","inputs":{"statusCode":200,"body":{"groups":"@variables('Groups')"},"schema":{"type":"object","properties":{"groups":{"title":"Groups","x-ms-dynamically-added":true,"type":"string"}}}}},"Parse_JSON_2":{"runAfter":{"HTTP_-_Get_Group":["Succeeded"]},"type":"ParseJson","inputs":{"content":"@body('HTTP_-_Get_Group')","schema":{"type":"object","properties":{"@@odata.context":{"type":"string"},"value":{"type":"array","items":{"type":"object","properties":{"id":{"type":"string"},"deletedDateTime":{},"classification":{},"createdDateTime":{"type":"string"},"creationOptions":{"type":"array"},"description":{"type":"string"},"displayName":{"type":"string"},"groupTypes":{"type":"array","items":{"type":"string"}},"mail":{"type":"string"},"mailEnabled":{"type":"boolean"},"mailNickname":{"type":"string"},"onPremisesLastSyncDateTime":{},"onPremisesSecurityIdentifier":{},"onPremisesSyncEnabled":{},"preferredDataLocation":{},"proxyAddresses":{"type":"array","items":{"type":"string"}},"renewedDateTime":{"type":"string"},"resourceBehaviorOptions":{"type":"array"},"resourceProvisioningOptions":{"type":"array"},"securityEnabled":{"type":"boolean"},"visibility":{"type":"string"},"onPremisesProvisioningErrors":{"type":"array"}},"required":["id","deletedDateTime","classification","createdDateTime","creationOptions","description","displayName","groupTypes","mail","mailEnabled","mailNickname","onPremisesLastSyncDateTime","onPremisesSecurityIdentifier","onPremisesSyncEnabled","preferredDataLocation","proxyAddresses","renewedDateTime","resourceBehaviorOptions","resourceProvisioningOptions","securityEnabled","visibility","onPremisesProvisioningErrors"]}}}}}}},"outputs":{},"description":"Create one or more actions to happen when a button or link in PowerApps is selected. To use this flow from a PowerApp, select the control you want to trigger the flow and go to the Action tab in the PowerApps ribbon and select Flows."},"connectionReferences":{},"flowFailureAlertSubscribed":false}}