{"schemaVersion":"1.0","appDefinitionTemplate":{"id":"/providers/Microsoft.PowerApps/apps/","type":"Microsoft.PowerApps/apps","tags":{"primaryDeviceWidth":"1366","primaryDeviceHeight":"768","sienaVersion":"20200912T220936Z-3.20085.19.0","deviceCapabilities":"","supportsPortrait":"false","supportsLandscape":"true","primaryFormFactor":"Tablet","publisherVersion":"3.20085.19","minimumRequiredApiVersion":"2.2.0","hasComponent":"false","hasUnlockedComponent":"false","isUnifiedRootApp":"false"},"properties":{"appVersion":"2020-09-12T22:09:36Z","lifeCycleId":"Published","createdByClientVersion":{"major":3,"minor":20085,"build":19,"revision":0,"majorRevision":0,"minorRevision":0},"minClientVersion":{"major":3,"minor":20085,"build":19,"revision":0,"majorRevision":0,"minorRevision":0},"backgroundColor":"rgba(251, 101, 60, 1)","backgroundImageUri":"/12436145746308661928/N9af93bb3-b0f7-471e-a81b-1cf335d5d405-logoSmallFile","displayName":"Call Graph From Power Apps - Custom Connector","description":"","commitMessage":"","appUris":{"documentUri":{"value":"/12436145746308661928/Ndecd65c9-ba8a-4529-840c-7bf5974c27c9-document.msapp","readonlyValue":"/12436145746308661928/Ndecd65c9-ba8a-4529-840c-7bf5974c27c9-document.msapp"},"imageUris":[]},"createdTime":"0001-01-01T00:00:00Z","lastModifiedTime":"0001-01-01T00:00:00Z","sharedGroupsCount":0,"sharedUsersCount":0,"icons":{"smallIconUri":"/12436145746308661928/Nf702f75c-ee2b-4770-9f9b-0d97bb83294e-small.png","mediumIconUri":"/12436145746308661928/Nbc800eba-41e0-442f-b360-2487a6adc823-medium.png","largeIconUri":"/12436145746308661928/N771fc474-7079-4e46-8a5e-aab44ae9e940-large.png","wideIconUri":"/12436145746308661928/N5b87feaf-c08e-4297-8672-e4bc0209f507-wide.png"},"connectionReferences":{"1b500c50-666b-45ee-9d28-51c78c50ae33":{"id":"112274bf-7e90-4d34-a7ad-3f8bcb4690be","displayName":"MSGraphCustomConnector","iconUri":"https://prodapiicons.cdn.powerappscdn.net/20200912t000000za5be0a5dac3a429b99c76d973d231e5e/customconnectoricon.png","dataSources":["MSGraphCustomConnector"],"dependencies":[],"dependents":[],"parameterHints":{},"isOnPremiseConnection":false,"bypassConsent":false,"dataSets":{},"apiTier":"Standard","isCustomApiConnection":true}},"databaseReferences":{},"almMode":"Environment","performanceOptimizationEnabled":true,"canConsumeAppPass":true},"isAppComponentLibrary":false,"appType":"ClassicCanvasApp","appComponents":[]}}