{"schemaVersion":"1.0","appDefinitionTemplate":{"id":"/providers/Microsoft.PowerApps/apps/","type":"Microsoft.PowerApps/apps","tags":{"minimumRequiredApiVersion":"2.2.0"},"properties":{"appVersion":"2019-08-13T18:36:52Z","lifeCycleId":"Published","createdByClientVersion":{"major":3,"minor":19075,"build":25,"revision":0,"majorRevision":0,"minorRevision":0},"minClientVersion":{"major":3,"minor":19075,"build":25,"revision":0,"majorRevision":0,"minorRevision":0},"backgroundColor":"rgba(0, 176, 240, 1)","backgroundImageUri":"/17712336521902439157/Nfcc333a2-8594-47d4-a275-6889d96acc2b-logoSmallFile","displayName":"Call Graph from PowerApps with Flow - Demo","description":"","appUris":{"documentUri":{"value":"/17712336521902439157/Nd0d49a6e-a0b1-460f-886d-f8c470162e9d-document.msapp","readonlyValue":"/17712336521902439157/Nd0d49a6e-a0b1-460f-886d-f8c470162e9d-document.msapp"},"imageUris":[]},"createdTime":"0001-01-01T00:00:00Z","lastModifiedTime":"0001-01-01T00:00:00Z","sharedGroupsCount":0,"sharedUsersCount":0,"icons":{"smallIconUri":"/17712336521902439157/Nd1d79662-9987-48fc-ba40-24c8531c7aca-small.png","mediumIconUri":"/17712336521902439157/N43977504-de0e-48e2-9fdd-f701c3897c25-medium.png","largeIconUri":"/17712336521902439157/Naed7eddd-4b73-48fe-87bf-1a405b713f3d-large.png","wideIconUri":"/17712336521902439157/Nf9e0a768-8324-4699-a143-795646c83ffe-wide.png"},"connectionReferences":{"22ceaf55-f50d-41a9-906c-330a3919df81":{"id":"84523ecf-d657-448b-a08b-42e9cd8c8030","displayName":"Logic flows","iconUri":"https://resourcestackdeploy.blob.core.windows.net/scripts/13276078.png","dataSources":["CallGraphfromPowerAppswithFlow-SearchAADGroup"],"dependencies":[],"dependents":[],"parameterHints":{"workflowName":{"value":"afe95080-64ec-43a5-91b0-a7756b43c1d4"}},"isOnPremiseConnection":false,"bypassConsent":false,"dataSets":{},"apiTier":"Standard","isCustomApiConnection":false}},"databaseReferences":{},"almMode":"Environment"}}}