{"name":"791c6723-c640-4541-b756-132411e309bf","id":"/providers/Microsoft.Flow/flows/791c6723-c640-4541-b756-132411e309bf","type":"Microsoft.Flow/flows","properties":{"apiId":"/providers/Microsoft.PowerApps/apis/shared_logicflows","displayName":"Call Graph from Flow Custom Connector - Demo","definition":{"metadata":{"workflowEntityId":null,"flowclientsuspensionreason":"None","flowclientsuspensiontime":null,"creator":{"id":"87d9c6f3-d44a-431e-9aa2-ea5985f22a5d","type":"User","tenantId":"602a9293-a8d6-4298-9dc8-c1622a923650"},"provisioningMethod":"FromDefinition","failureAlertSubscription":true,"clientLastModifiedTime":"2020-09-12T20:28:26.5277497Z"},"$schema":"https://schema.management.azure.com/providers/Microsoft.Logic/schemas/2016-06-01/workflowdefinition.json#","contentVersion":"1.0.0.0","parameters":{"$connections":{"defaultValue":{},"type":"Object"},"$authentication":{"defaultValue":{},"type":"SecureObject"}},"triggers":{"manual":{"type":"Request","kind":"Button","inputs":{"schema":{"type":"object","properties":{},"required":[]}}}},"actions":{"ListMSTeams":{"runAfter":{},"type":"OpenApiConnection","inputs":{"host":{"apiId":"/providers/Microsoft.PowerApps/apis/shared_msgraphcustomconnector-5fe1b4c648ed37f2fc-5f04d7cb69c233ee6a","connectionName":"shared_msgraphcustomconnector-5fe1b4c648ed37f2fc-5f04d7cb69c233ee6a","operationId":"ListMSTeams"},"parameters":{},"authentication":{"value":"@json(decodeBase64(triggerOutputs().headers['X-MS-APIM-Tokens']))['$ConnectionKey']","type":"Raw"}}},"ListSPOSites":{"runAfter":{"MS_Teams_-_HTML":["Succeeded"]},"type":"OpenApiConnection","inputs":{"host":{"apiId":"/providers/Microsoft.PowerApps/apis/shared_msgraphcustomconnector-5fe1b4c648ed37f2fc-5f04d7cb69c233ee6a","connectionName":"shared_msgraphcustomconnector-5fe1b4c648ed37f2fc-5f04d7cb69c233ee6a","operationId":"ListSPOSites"},"parameters":{},"authentication":{"value":"@json(decodeBase64(triggerOutputs().headers['X-MS-APIM-Tokens']))['$ConnectionKey']","type":"Raw"}}},"MS_Teams_-_HTML":{"runAfter":{"ListMSTeams":["Succeeded"]},"type":"Table","inputs":{"from":"@outputs('ListMSTeams')?['body/value']","format":"HTML"}},"SPO_Sites_-_HTML":{"runAfter":{"ListSPOSites":["Succeeded"]},"type":"Table","inputs":{"from":"@outputs('ListSPOSites')?['body/value']","format":"HTML"}}},"outputs":{}},"connectionReferences":{"shared_msgraphcustomconnector-5fe1b4c648ed37f2fc-5f04d7cb69c233ee6a":{"connectionName":"shared-msgraphcustom-a325f0c4-a1b6-4e84-9760-910731047b0f","source":"Invoker","id":"/providers/Microsoft.PowerApps/apis/shared_msgraphcustomconnector-5fe1b4c648ed37f2fc-5f04d7cb69c233ee6a","tier":"NotSpecified"}},"flowFailureAlertSubscribed":false}}